<armors>
	<armor>
		<description />
		<cost>50</cost>
		<brand>heavy leather</brand>
		<name>jacket</name>
		<type>soft</type>
		<ev>0</ev>
		<sp>
			<right_foot />
			<left_foot />
			<left_arm>4</left_arm>
			<right_shlder>4</right_shlder>
			<right_arm>4</right_arm>
			<left_shlder>4</left_shlder>
			<right_hand />
			<Thighs />
			<Head />
			<left_hand />
			<Vitals>4</Vitals>
			<Chest>4</Chest>
			<left_leg />
			<Stomach>4</Stomach>
			<right_leg />
		</sp>
	</armor>
	<armor>
		<description />
		<cost>50</cost>
		<brand>heavy leather</brand>
		<name>pants</name>
		<type>soft</type>
		<ev>0</ev>
		<sp>
			<right_foot />
			<left_foot />
			<left_arm />
			<right_shlder />
			<right_arm />
			<left_shlder />
			<right_hand />
			<Thighs>4</Thighs>
			<Head />
			<left_hand />
			<Vitals />
			<Chest />
			<left_leg>4</left_leg>
			<Stomach />
			<right_leg>4</right_leg>
		</sp>
	</armor>
	<armor>
		<description />
		<cost>60</cost>
		<brand>heavy leather</brand>
		<name>miniskirt/dress</name>
		<type>soft</type>
		<ev>0</ev>
		<sp>
			<right_foot />
			<left_foot />
			<left_arm />
			<right_shlder>4</right_shlder>
			<right_arm />
			<left_shlder>4</left_shlder>
			<right_hand />
			<Thighs>4</Thighs>
			<Head />
			<left_hand />
			<Vitals>4</Vitals>
			<Chest>4</Chest>
			<left_leg />
			<Stomach>4</Stomach>
			<right_leg />
		</sp>
	</armor>
	<armor>
		<description />
		<cost>80</cost>
		<brand>fibremesh ballistic cloth fashionware</brand>
		<name>shirt/top</name>
		<type>soft</type>
		<ev>0</ev>
		<sp>
			<right_foot />
			<left_foot />
			<left_arm>8</left_arm>
			<right_shlder>8</right_shlder>
			<right_arm>8</right_arm>
			<left_shlder>8</left_shlder>
			<right_hand />
			<Thighs />
			<Head />
			<left_hand />
			<Vitals>8</Vitals>
			<Chest>8</Chest>
			<left_leg />
			<Stomach>8</Stomach>
			<right_leg />
		</sp>
	</armor>
	<armor>
		<description />
		<cost>90</cost>
		<brand>fibremesh ballistic cloth fashionware</brand>
		<name>pants/skirt</name>
		<type>soft</type>
		<ev>0</ev>
		<sp>
			<right_foot />
			<left_foot />
			<left_arm />
			<right_shlder />
			<right_arm />
			<left_shlder />
			<right_hand />
			<Thighs>8</Thighs>
			<Head />
			<left_hand />
			<Vitals />
			<Chest />
			<left_leg>8</left_leg>
			<Stomach />
			<right_leg>8</right_leg>
		</sp>
	</armor>
	<armor>
		<description />
		<cost>50</cost>
		<brand>fibremesh ballistic cloth fashionware</brand>
		<name>miniskirt/dress</name>
		<type>soft</type>
		<ev>0</ev>
		<sp>
			<right_foot />
			<left_foot />
			<left_arm />
			<right_shlder />
			<right_arm />
			<left_shlder />
			<right_hand />
			<Thighs />
			<Head />
			<left_hand />
			<Vitals>8</Vitals>
			<Chest>8</Chest>
			<left_leg />
			<Stomach>8</Stomach>
			<right_leg />
		</sp>
	</armor>
	<armor>
		<description />
		<cost>90</cost>
		<brand>fibremesh ballistic cloth fashionware</brand>
		<name>pantyhose</name>
		<type>soft</type>
		<ev>0</ev>
		<sp>
			<right_foot />
			<left_foot />
			<left_arm />
			<right_shlder />
			<right_arm />
			<left_shlder />
			<right_hand />
			<Thighs>8</Thighs>
			<Head />
			<left_hand />
			<Vitals>0</Vitals>
			<Chest>0</Chest>
			<left_leg>8</left_leg>
			<Stomach>0</Stomach>
			<right_leg>8</right_leg>
		</sp>
	</armor>
	<armor>
		<description />
		<cost>120</cost>
		<brand>fibremesh ballistic cloth fashionware</brand>
		<name>trenchcoat</name>
		<type>soft</type>
		<ev>1</ev>
		<sp>
			<right_foot />
			<left_foot />
			<left_arm>10</left_arm>
			<right_shlder>10</right_shlder>
			<right_arm>10</right_arm>
			<left_shlder>10</left_shlder>
			<right_hand />
			<Thighs>10</Thighs>
			<Head />
			<left_hand />
			<Vitals>10</Vitals>
			<Chest>10</Chest>
			<left_leg>10</left_leg>
			<Stomach>10</Stomach>
			<right_leg>10</right_leg>
		</sp>
	</armor>
	<armor>
		<description />
		<cost>165</cost>
		<brand>fibremesh ballistic cloth fashionware</brand>
		<name>body/surf/wetsuit</name>
		<type>soft</type>
		<ev>0</ev>
		<sp>
			<right_foot>10</right_foot>
			<left_foot>10</left_foot>
			<left_arm>10</left_arm>
			<right_shlder>10</right_shlder>
			<right_arm>10</right_arm>
			<left_shlder>10</left_shlder>
			<right_hand>10</right_hand>
			<Thighs>10</Thighs>
			<Head>10</Head>
			<left_hand>10</left_hand>
			<Vitals>10</Vitals>
			<Chest>10</Chest>
			<left_leg>10</left_leg>
			<Stomach>10</Stomach>
			<right_leg>10</right_leg>
		</sp>
	</armor>
	<armor>
		<description />
		<cost>90</cost>
		<brand>kevlar</brand>
		<name>vest</name>
		<type>soft</type>
		<ev>0</ev>
		<sp>
			<right_foot>0</right_foot>
			<left_foot>0</left_foot>
			<left_arm>0</left_arm>
			<right_shlder>10</right_shlder>
			<right_arm>0</right_arm>
			<left_shlder>10</left_shlder>
			<right_hand>0</right_hand>
			<Thighs>0</Thighs>
			<Head>0</Head>
			<left_hand>0</left_hand>
			<Vitals>10</Vitals>
			<Chest>10</Chest>
			<left_leg>0</left_leg>
			<Stomach>10</Stomach>
			<right_leg>0</right_leg>
		</sp>
	</armor>
	<armor>
		<description />
		<cost>150</cost>
		<brand>kevlar</brand>
		<name>light jacket</name>
		<type>soft</type>
		<ev>0</ev>
		<sp>
			<right_foot>0</right_foot>
			<left_foot>0</left_foot>
			<left_arm>14</left_arm>
			<right_shlder>14</right_shlder>
			<right_arm>14</right_arm>
			<left_shlder>14</left_shlder>
			<right_hand>0</right_hand>
			<Thighs>0</Thighs>
			<Head>0</Head>
			<left_hand>0</left_hand>
			<Vitals>14</Vitals>
			<Chest>14</Chest>
			<left_leg>0</left_leg>
			<Stomach>14</Stomach>
			<right_leg>0</right_leg>
		</sp>
	</armor>
	<armor>
		<description />
		<cost>200</cost>
		<brand>kevlar</brand>
		<name>med jacket</name>
		<type>soft</type>
		<ev>1</ev>
		<sp>
			<right_foot>0</right_foot>
			<left_foot>0</left_foot>
			<left_arm>18</left_arm>
			<right_shlder>18</right_shlder>
			<right_arm>18</right_arm>
			<left_shlder>18</left_shlder>
			<right_hand>0</right_hand>
			<Thighs>0</Thighs>
			<Head>0</Head>
			<left_hand>0</left_hand>
			<Vitals>18</Vitals>
			<Chest>18</Chest>
			<left_leg>0</left_leg>
			<Stomach>18</Stomach>
			<right_leg>0</right_leg>
		</sp>
	</armor>
	<armor>
		<description />
		<cost>20</cost>
		<brand>helmet</brand>
		<name>steel</name>
		<type>hard</type>
		<ev>0</ev>
		<sp>
			<right_foot>0</right_foot>
			<left_foot>0</left_foot>
			<left_arm>0</left_arm>
			<right_shlder>0</right_shlder>
			<right_arm>0</right_arm>
			<left_shlder>0</left_shlder>
			<right_hand>0</right_hand>
			<Thighs>0</Thighs>
			<Head>14</Head>
			<left_hand>0</left_hand>
			<Vitals>0</Vitals>
			<Chest>0</Chest>
			<left_leg>0</left_leg>
			<Stomach>0</Stomach>
			<right_leg>0</right_leg>
		</sp>
	</armor>
	<armor>
		<description />
		<cost>100</cost>
		<brand>helmet</brand>
		<name>nylon</name>
		<type>hard</type>
		<ev>0</ev>
		<sp>
			<right_foot>0</right_foot>
			<left_foot>0</left_foot>
			<left_arm>0</left_arm>
			<right_shlder>0</right_shlder>
			<right_arm>0</right_arm>
			<left_shlder>0</left_shlder>
			<right_hand>0</right_hand>
			<Thighs>0</Thighs>
			<Head>20</Head>
			<left_hand>0</left_hand>
			<Vitals>0</Vitals>
			<Chest>0</Chest>
			<left_leg>0</left_leg>
			<Stomach>0</Stomach>
			<right_leg>0</right_leg>
		</sp>
	</armor>
	<armor>
		<description />
		<cost>200</cost>
		<brand>flack</brand>
		<name>vest</name>
		<type>hard</type>
		<ev>1</ev>
		<sp>
			<right_foot>0</right_foot>
			<left_foot>0</left_foot>
			<left_arm>0</left_arm>
			<right_shlder>20</right_shlder>
			<right_arm>0</right_arm>
			<left_shlder>20</left_shlder>
			<right_hand>0</right_hand>
			<Thighs>0</Thighs>
			<Head>0</Head>
			<left_hand>0</left_hand>
			<Vitals>20</Vitals>
			<Chest>20</Chest>
			<left_leg>0</left_leg>
			<Stomach>20</Stomach>
			<right_leg>0</right_leg>
		</sp>
	</armor>
	<armor>
		<description />
		<cost>200</cost>
		<brand>flack</brand>
		<name>pants</name>
		<type>hard</type>
		<ev>1</ev>
		<sp>
			<right_foot>0</right_foot>
			<left_foot>0</left_foot>
			<left_arm>0</left_arm>
			<right_shlder>0</right_shlder>
			<right_arm>0</right_arm>
			<left_shlder>0</left_shlder>
			<right_hand>0</right_hand>
			<Thighs>20</Thighs>
			<Head>0</Head>
			<left_hand>0</left_hand>
			<Vitals>0</Vitals>
			<Chest>0</Chest>
			<left_leg>20</left_leg>
			<Stomach>0</Stomach>
			<right_leg>20</right_leg>
		</sp>
	</armor>
	<armor>
		<description />
		<cost>250</cost>
		<brand>doorgunner's vest</brand>
		<name>torso</name>
		<type>hard</type>
		<ev>3</ev>
		<sp>
			<right_foot>0</right_foot>
			<left_foot>0</left_foot>
			<left_arm>0</left_arm>
			<right_shlder>25</right_shlder>
			<right_arm>0</right_arm>
			<left_shlder>25</left_shlder>
			<right_hand>0</right_hand>
			<Thighs>0</Thighs>
			<Head>0</Head>
			<left_hand>0</left_hand>
			<Vitals>25</Vitals>
			<Chest>25</Chest>
			<left_leg>0</left_leg>
			<Stomach>25</Stomach>
			<right_leg>0</right_leg>
		</sp>
	</armor>
	<armor>
		<description />
		<cost>600</cost>
		<brand>metalgear body armor</brand>
		<name>whole body</name>
		<type>hard</type>
		<ev>2</ev>
		<sp>
			<right_foot>25</right_foot>
			<left_foot>25</left_foot>
			<left_arm>25</left_arm>
			<right_shlder>25</right_shlder>
			<right_arm>25</right_arm>
			<left_shlder>25</left_shlder>
			<right_hand>2525</right_hand>
			<Thighs>25</Thighs>
			<Head>25</Head>
			<left_hand>25</left_hand>
			<Vitals>25</Vitals>
			<Chest>25</Chest>
			<left_leg>25</left_leg>
			<Stomach>25</Stomach>
			<right_leg>25</right_leg>
		</sp>
	</armor>
</armors>